1, 2866
2, 2939
3, 4
4, 76
6, 5
12, 2749
13, 112
14, 4
15, 1
22, 2743
24, 188
25, 4
26, 4
36, 4
44, 72
46, 4
66, 2686
67, 61
68, 7
78, 104
79, 8
90, 4
102, 1
108, 2680
110, 57
112, 6
130, 110
132, 72
133, 6
144, 4
152, 4
198, 4
216, 66
218, 6
219, 2648
220, 33
221, 1
231, 56
232, 5
238, 4
243, 6
285, 103
286, 1
297, 8
313, 2646
315, 33
317, 1
324, 4
327, 2
335, 55
337, 2
346, 1
351, 4
357, 6
379, 2
417, 1
421, 104
423, 5
425, 1
438, 64
439, 1
443, 7
450, 5
451, 1
478, 2627
479, 19
480, 2
490, 30
491, 3
500, 2
502, 1
504, 4
529, 4
532, 9
544, 56
556, 5
586, 9
596, 2627
598, 19
608, 2
610, 6
618, 31
620, 2
626, 66
640, 1
648, 6
657, 4
662, 9
697, 101
698, 2
704, 55
709, 1
726, 1
728, 2619
729, 9
730, 2
734, 4
740, 19
750, 9
752, 2
763, 7
764, 1
784, 2618
785, 2
786, 9
791, 19
794, 30
796, 9
806, 22
812, 6
815, 19
836, 19
850, 19
861, 1
892, 30
894, 1
909, 101
911, 3
914, 2
916, 6
931, 5
939, 4
947, 55
948, 1
953, 1
956, 64
968, 1
1000, 1
1003, 28
1004, 2
1013, 5
1017, 7
1022, 5
1034, 3
1041, 28
1043, 2
1047, 1
1063, 1
1069, 3
1074, 28
1086, 2
1096, 2
1097, 55
1107, 2
1111, 2
1135, 1
1149, 2
1166, 6
1175, 4
1182, 1
1192, 64
1194, 2
1205, 1
1206, 101
1218, 2
1222, 4
1227, 1
1234, 1
1262, 55
1269, 2
1272, 1
1274, 1
1293, 3
1300, 6
1316, 1
1324, 55
1354, 1
1380, 101
1387, 2
1390, 1
1402, 3
1410, 5
1412, 1
1425, 7
1434, 4
1437, 1
1456, 64
1481, 5
1488, 5
1505, 4
1512, 101
1519, 3
1522, 1
1564, 2
1568, 64
1578, 2
1590, 2
1596, 1
1599, 2
1618, 1
1620, 3
1637, 1
1670, 1
1675, 5
1684, 4
1693, 7
1731, 1
1740, 6
1741, 1
1745, 1
1787, 1
1788, 4
1802, 5
1825, 5
1858, 1
1881, 6
1920, 5
1934, 4
1942, 1
1976, 4
1988, 1
1990, 7
2046, 5
2052, 6
2056, 1
2101, 1
2108, 7
2138, 1
2154, 1
2162, 1
2164, 4
2171, 1
2184, 4
2240, 4
2265, 1
2296, 4
2327, 1
2352, 4
2398, 1
2948, 1
2968, 1
